{
	"info": {
		"_postman_id": "81960d73-cbfc-49fb-8aac-e40cbb7ac240",
		"name": "Post",
		"schema": "https://schema.getpostman.com/json/collection/v2.1.0/collection.json"
	},
	"item": [
		{
			"name": "AddLike",
			"request": {
				"method": "PUT",
				"header": [],
				"body": {
					"mode": "raw",
					"raw": "{\n    \"post_id\" : \"c4670330-b454-4059-af61-ff9d9ccbaafd\"\n}"
				},
				"url": {
					"raw": "{{url_l}}/api/post/addLike",
					"host": [
						"{{url_l}}"
					],
					"path": [
						"api",
						"post",
						"addLike"
					]
				}
			},
			"response": []
		},
		{
			"name": "RemoveLike",
			"request": {
				"method": "PUT",
				"header": [],
				"body": {
					"mode": "raw",
					"raw": "{\n    \"post_id\" : \"c4670330-b454-4059-af61-ff9d9ccbaafd\"\n}"
				},
				"url": {
					"raw": "{{url_l}}/api/post/removeLike",
					"host": [
						"{{url_l}}"
					],
					"path": [
						"api",
						"post",
						"removeLike"
					]
				}
			},
			"response": []
		},
		{
			"name": "Create",
			"event": [
				{
					"listen": "test",
					"script": {
						"exec": [
							"var token = postman.getResponseHeader(\"X-CSRF-Token\");",
							"if (token!=null){",
							"postman.setEnvironmentVariable(\"csrf\", token);",
							"}"
						],
						"type": "text/javascript"
					}
				}
			],
			"request": {
				"method": "POST",
				"header": [
					{
						"key": "X-Csrf-Token",
						"value": "{{csrf}}",
						"type": "text"
					}
				],
				"body": {
					"mode": "formdata",
					"formdata": [
						{
							"key": "attachments",
							"type": "file",
							"src": "/Users/qqq/Documents/Pictures/AOHAKiXyHq4.jpg"
						},
						{
							"key": "title",
							"value": "Test",
							"type": "text"
						},
						{
							"key": "text",
							"value": "<a onblur=\"alert(document.сookie)\" href=\"javascript:alert(document.сookie)\">Mail.ru</a>",
							"type": "text"
						},
						{
							"key": "creator",
							"value": "10b0d1b8-0e67-4e7e-9f08-124b3e32cce4",
							"type": "text"
						},
						{
							"key": "subscriptions",
							"value": "1b70e133-36ba-44ec-9d9a-2476442b154b",
							"type": "text",
							"disabled": true
						},
						{
							"key": "subscriptions",
							"value": "df0dd4ee-0772-43e2-919c-9b059e389b9a",
							"type": "text",
							"disabled": true
						}
					]
				},
				"url": {
					"raw": "{{url_l}}/api/post/create",
					"host": [
						"{{url_l}}"
					],
					"path": [
						"api",
						"post",
						"create"
					]
				}
			},
			"response": []
		},
		{
			"name": "Delete",
			"event": [
				{
					"listen": "test",
					"script": {
						"exec": [
							"var token = postman.getResponseHeader(\"X-CSRF-Token\");",
							"if (token!=null){",
							"postman.setEnvironmentVariable(\"csrf\", token);",
							"}"
						],
						"type": "text/javascript"
					}
				}
			],
			"request": {
				"method": "DELETE",
				"header": [
					{
						"key": "X-Csrf-Token",
						"value": "{{csrf}}",
						"type": "text"
					}
				],
				"url": {
					"raw": "{{url_l}}/api/post/delete/0dff7afc-b2fb-4c5a-a65e-6626f2eb5bb3",
					"host": [
						"{{url_l}}"
					],
					"path": [
						"api",
						"post",
						"delete",
						"0dff7afc-b2fb-4c5a-a65e-6626f2eb5bb3"
					]
				}
			},
			"response": []
		},
		{
			"name": "GetPost",
			"request": {
				"method": "GET",
				"header": [],
				"url": {
					"raw": "{{url_l}}/api/post/get/eaff81d8-7aa6-40d4-8d1d-4b4d85f60fc2",
					"host": [
						"{{url_l}}"
					],
					"path": [
						"api",
						"post",
						"get",
						"eaff81d8-7aa6-40d4-8d1d-4b4d85f60fc2"
					]
				}
			},
			"response": []
		},
		{
			"name": "EditPost",
			"event": [
				{
					"listen": "test",
					"script": {
						"exec": [
							"var token = postman.getResponseHeader(\"X-CSRF-Token\");",
							"if (token!=null){",
							"postman.setEnvironmentVariable(\"csrf\", token);",
							"}"
						],
						"type": "text/javascript"
					}
				}
			],
			"request": {
				"method": "PUT",
				"header": [
					{
						"key": "X-Csrf-Token",
						"value": "{{csrf}}",
						"type": "text"
					}
				],
				"body": {
					"mode": "raw",
					"raw": "{\n    \"title\" : \"11\",\n    \"text\" : \"newText\",\n    \"available_subscriptions\" : [ \"df0dd4ee-0772-43e2-919c-9b059e389b9a\"]\n}",
					"options": {
						"raw": {
							"language": "json"
						}
					}
				},
				"url": {
					"raw": "{{url_l}}/api/post/edit/91772c81-60a0-4766-911d-38a529796e17",
					"host": [
						"{{url_l}}"
					],
					"path": [
						"api",
						"post",
						"edit",
						"91772c81-60a0-4766-911d-38a529796e17"
					]
				}
			},
			"response": []
		},
		{
			"name": "addAttach",
			"event": [
				{
					"listen": "test",
					"script": {
						"exec": [
							"var token = postman.getResponseHeader(\"X-CSRF-Token\");",
							"if (token!=null){",
							"postman.setEnvironmentVariable(\"csrf\", token);",
							"}"
						],
						"type": "text/javascript"
					}
				}
			],
			"request": {
				"method": "POST",
				"header": [
					{
						"key": "X-Csrf-Token",
						"value": "{{csrf}}",
						"type": "text"
					}
				],
				"body": {
					"mode": "formdata",
					"formdata": [
						{
							"key": "attachment",
							"type": "file",
							"src": "/home/dasha/Downloads/69wTNngoP3s.jpg"
						}
					]
				},
				"url": {
					"raw": "{{url_l}}/api/post/addAttach/91772c81-60a0-4766-911d-38a529796e17",
					"host": [
						"{{url_l}}"
					],
					"path": [
						"api",
						"post",
						"addAttach",
						"91772c81-60a0-4766-911d-38a529796e17"
					]
				}
			},
			"response": []
		},
		{
			"name": "DeleteAtach",
			"event": [
				{
					"listen": "test",
					"script": {
						"exec": [
							"var token = postman.getResponseHeader(\"X-CSRF-Token\");",
							"if (token!=null){",
							"postman.setEnvironmentVariable(\"csrf\", token);",
							"}"
						],
						"type": "text/javascript"
					}
				}
			],
			"request": {
				"method": "DELETE",
				"header": [
					{
						"key": "X-Csrf-Token",
						"value": "{{csrf}}",
						"type": "text"
					}
				],
				"body": {
					"mode": "raw",
					"raw": "{\n    \"id\" : \"38cb15f5-63b7-4554-9447-0fa322628af0\",\n    \"type\" : \"image/jpeg\"\n}",
					"options": {
						"raw": {
							"language": "json"
						}
					}
				},
				"url": {
					"raw": "{{url_l}}/api/post/deleteAttach/91772c81-60a0-4766-911d-38a529796e17",
					"host": [
						"{{url_l}}"
					],
					"path": [
						"api",
						"post",
						"deleteAttach",
						"91772c81-60a0-4766-911d-38a529796e17"
					]
				}
			},
			"response": []
		}
	]
}