{
	"info": {
		"_postman_id": "deb8d2ec-b5ca-47f1-9b36-ed65b600daaf",
		"name": "Subs",
		"schema": "https://schema.getpostman.com/json/collection/v2.1.0/collection.json"
	},
	"item": [
		{
			"name": "Create",
			"event": [
				{
					"listen": "test",
					"script": {
						"exec": [
							"var token = postman.getResponseHeader(\"X-CSRF-Token\");",
							"if (token!=null){",
							"postman.setEnvironmentVariable(\"csrf\", token);",
							"}"
						],
						"type": "text/javascript"
					}
				}
			],
			"request": {
				"method": "POST",
				"header": [
					{
						"key": "X-Csrf-Token",
						"value": "{{csrf}}",
						"type": "text"
					}
				],
				"body": {
					"mode": "raw",
					"raw": "{\n    \"description\":\"testdesc2\",\n    \"title\":\"testtitle\",\n    \"month_cost\": 10\n}",
					"options": {
						"raw": {
							"language": "json"
						}
					}
				},
				"url": {
					"raw": "{{url_l}}/api/subscription/create",
					"host": [
						"{{url_l}}"
					],
					"path": [
						"api",
						"subscription",
						"create"
					]
				}
			},
			"response": []
		},
		{
			"name": "Delete",
			"event": [
				{
					"listen": "test",
					"script": {
						"exec": [
							"var token = postman.getResponseHeader(\"X-CSRF-Token\");",
							"if (token!=null){",
							"postman.setEnvironmentVariable(\"csrf\", token);",
							"}"
						],
						"type": "text/javascript"
					}
				}
			],
			"request": {
				"method": "DELETE",
				"header": [
					{
						"key": "X-Csrf-Token",
						"value": "{{csrf}}",
						"type": "text"
					}
				],
				"body": {
					"mode": "raw",
					"raw": "{\n    \"description\":\"testdesc\",\n    \"title\":\"testtitle\",\n    \"month_cost\": 10\n}",
					"options": {
						"raw": {
							"language": "json"
						}
					}
				},
				"url": {
					"raw": "{{url_l}}/api/subscription/delete/4cb9f899-8fea-4246-bcd0-a5361c46bd98",
					"host": [
						"{{url_l}}"
					],
					"path": [
						"api",
						"subscription",
						"delete",
						"4cb9f899-8fea-4246-bcd0-a5361c46bd98"
					]
				}
			},
			"response": []
		},
		{
			"name": "Edit",
			"event": [
				{
					"listen": "test",
					"script": {
						"exec": [
							"var token = postman.getResponseHeader(\"X-CSRF-Token\");",
							"if (token!=null){",
							"postman.setEnvironmentVariable(\"csrf\", token);",
							"}"
						],
						"type": "text/javascript"
					}
				}
			],
			"request": {
				"method": "PUT",
				"header": [
					{
						"key": "X-Csrf-Token",
						"value": "{{csrf}}",
						"type": "text"
					}
				],
				"body": {
					"mode": "raw",
					"raw": "{\n    \"creator\":\"10b0d1b8-0e67-4e7e-9f08-124b3e32cce4\",\n    \"description\":\"999999999999\",\n    \"title\":\"qqqqqqqqqqqqqqqqqqq\",\n    \"month_cost\": 100\n}",
					"options": {
						"raw": {
							"language": "json"
						}
					}
				},
				"url": {
					"raw": "{{url_l}}/api/subscription/edit/3f7f667d-7c8f-4ba8-857b-fe16018bab8c",
					"host": [
						"{{url_l}}"
					],
					"path": [
						"api",
						"subscription",
						"edit",
						"3f7f667d-7c8f-4ba8-857b-fe16018bab8c"
					]
				}
			},
			"response": []
		}
	]
}